job_id,input_file,status,ipc_ms,processing_ms,round_trip_ms
01973586-466F-4163-810D-430AF5DFC80B,01973586-466F-4163-810D-430AF5DFC80B.JPEG,ok,0.3418329870328307,5108.741494012065,5109.083326999098
0BA08EE4-AB9D-47EB-A7FF-AC59CA1666C0,0BA08EE4-AB9D-47EB-A7FF-AC59CA1666C0.JPG,ok,0.33565700869075954,600.1283419900574,600.4639989987481
0EB948F0-A873-4EBD-B4B1-8357DB187DE4,0EB948F0-A873-4EBD-B4B1-8357DB187DE4.JPEG,ok,0.31385698821395636,395.18864400452003,395.502500992734
190CF20D-AA88-4BAB-A6E3-2362EF1554F9,190CF20D-AA88-4BAB-A6E3-2362EF1554F9.JPEG,ok,0.2880019892472774,500.9483670000918,501.2363689893391
36860C73-4B69-4035-BD0C-44BB8B7F7100,36860C73-4B69-4035-BD0C-44BB8B7F7100.JPEG,ok,0.3051109961234033,586.5660129929893,586.8711239891127
37FE675A-4672-46FE-A4AD-8A4FCB167FAB,37FE675A-4672-46FE-A4AD-8A4FCB167FAB.JPEG,ok,0.2736850001383573,613.451355980942,613.7250409810804
3ACE98ED-861E-4172-AFF1-984150F1588B,3ACE98ED-861E-4172-AFF1-984150F1588B.JPEG,ok,0.29652498778887093,198.7566869938746,199.05321198166348
5ACBCCC6-8FD8-406F-BF8A-7D75076DC6ED,5ACBCCC6-8FD8-406F-BF8A-7D75076DC6ED.JPEG,ok,0.2844500122591853,192.8648779867217,193.14932799898088
5C401988-346D-48D1-9FE6-E04602E9C9D8,5C401988-346D-48D1-9FE6-E04602E9C9D8.JPEG,ok,0.32568801543675363,205.59670598595403,205.92239400139078
73835AF4-9429-4611-9A23-41B6025394F1,73835AF4-9429-4611-9A23-41B6025394F1.JPEG,ok,0.29202201403677464,195.8611409936566,196.15316300769337
78775FB7-A08B-4ED6-9119-FFC452425304,78775FB7-A08B-4ED6-9119-FFC452425304.JPEG,ok,0.28642898541875184,208.1398559967056,208.42628498212434
8035A631-7F0F-4AD4-BC9B-A31FD51A5C83,8035A631-7F0F-4AD4-BC9B-A31FD51A5C83.JPG,ok,0.33492001239210367,198.69205399299972,199.02697400539182
82187A2F-D143-4D90-B30E-AFD1DBA3EC45,82187A2F-D143-4D90-B30E-AFD1DBA3EC45.JPEG,ok,0.28263599961064756,376.7885999986902,377.07123599830084
827521F6-BD75-40B6-B597-A952D7FE8E68,827521F6-BD75-40B6-B597-A952D7FE8E68.JPEG,ok,0.3139680193271488,136.67571698897518,136.98968500830233
827EF9BA-E346-4E04-BE85-247BB0D6B809,827EF9BA-E346-4E04-BE85-247BB0D6B809.JPEG,ok,0.3158210020046681,177.42531199473888,177.74113299674354
85F34392-E97A-416E-A9B0-37CF6AD0A665,85F34392-E97A-416E-A9B0-37CF6AD0A665.JPEG,ok,0.33423802233301103,207.03874697210267,207.37298499443568
8786B0C7-8881-4B4D-9247-59C440DB7B6F,8786B0C7-8881-4B4D-9247-59C440DB7B6F.JPEG,ok,0.29728698427788913,202.59175600949675,202.88904299377464
8BB2175B-4183-407D-BE90-85EBE249E108,8BB2175B-4183-407D-BE90-85EBE249E108.JPEG,ok,0.3185899986419827,206.0681260190904,206.3867160177324
8D28B7CD-7BDA-4550-B4A4-AFB489060566,8D28B7CD-7BDA-4550-B4A4-AFB489060566.JPEG,ok,0.27231700369156897,297.06797399558127,297.34029099927284
95000DB7-0DE1-41F5-8643-1EC7A35A3B9B,95000DB7-0DE1-41F5-8643-1EC7A35A3B9B.JPG,ok,0.27611799305304885,183.90699199517258,184.18310998822562
98c566ce5292ce50729c0b9e8545e6c8,98c566ce5292ce50729c0b9e8545e6c8.JPEG,ok,0.3001079894602299,206.06044700252824,206.36055499198847
99225F4E-B8D2-42CC-ABBC-6BA0F7C1D2FC,99225F4E-B8D2-42CC-ABBC-6BA0F7C1D2FC.JPEG,ok,0.3695559862535447,194.1468350123614,194.51639099861495
9EF297FD-2F9E-40B4-BC15-C01DA9639EE0,9EF297FD-2F9E-40B4-BC15-C01DA9639EE0.JPEG,ok,0.31646498246118426,205.53106101579033,205.8475259982515
9FFAF852-99A0-458B-8DF3-171C2FD97154,9FFAF852-99A0-458B-8DF3-171C2FD97154.JPEG,ok,0.3018100105691701,199.29503899766132,199.5968490082305
A1876BDC-D9DD-411F-98C2-97AF95DA2247,A1876BDC-D9DD-411F-98C2-97AF95DA2247.JPG,ok,0.3217040211893618,197.05696200253442,197.37866602372378
AC7C816F-DE81-4E44-B31A-EB21DECDEB5F,AC7C816F-DE81-4E44-B31A-EB21DECDEB5F.JPEG,ok,0.298286002362147,187.69701299606822,187.99529899843037
B312A70F-6D99-4B57-9227-FDD87898A8A6,B312A70F-6D99-4B57-9227-FDD87898A8A6.JPEG,ok,0.35901402588933706,125.29082898981869,125.64984301570803
B6B824A1-7018-4DDF-9E93-5E1822BBEEE8,B6B824A1-7018-4DDF-9E93-5E1822BBEEE8.JPEG,ok,0.27889502234756947,180.5636549834162,180.84255000576377
B96E9D2D-8405-43C4-9B4E-291C4D264D38,B96E9D2D-8405-43C4-9B4E-291C4D264D38.JPEG,ok,0.3292149631306529,203.74215001356788,204.07136497669853
BD7342C6-F366-4CB7-9A9B-8AF242C5BDC6,BD7342C6-F366-4CB7-9A9B-8AF242C5BDC6.JPG,ok,0.34536601742729545,206.07855697744526,206.42392299487256
C257A5FE-2CDB-410A-89CC-08CDD9C20BAF,C257A5FE-2CDB-410A-89CC-08CDD9C20BAF.JPEG,ok,0.3529599925968796,193.2366999972146,193.58965998981148
CAE106E4-E01B-4CBE-8266-DB4806FE7322,CAE106E4-E01B-4CBE-8266-DB4806FE7322.JPEG,ok,0.3338610113132745,284.7662589920219,285.1001200033352
D0606D7F-BCBE-4177-93D2-2A46B3347858,D0606D7F-BCBE-4177-93D2-2A46B3347858.JPEG,ok,0.30028499895706773,129.53199198818766,129.83227698714472
D13D736E-D0AC-453A-9951-AE3B322AACDD,D13D736E-D0AC-453A-9951-AE3B322AACDD.JPEG,ok,0.3561550111044198,194.12176997866482,194.47792498976924
D2C415AD-6068-4468-8FC2-73F1228FD587,D2C415AD-6068-4468-8FC2-73F1228FD587.JPEG,ok,0.36624199128709733,202.38679900649004,202.75304099777713
D4D01651-C91E-4DEF-A4CF-8B75E56ADC1A,D4D01651-C91E-4DEF-A4CF-8B75E56ADC1A.JPEG,ok,0.46035999548621476,186.67170801199973,187.13206800748594
DBDAC1E2-853D-4C37-B38A-E5516C220F05,DBDAC1E2-853D-4C37-B38A-E5516C220F05.JPEG,ok,0.27596799191087484,197.36570899840444,197.64167699031532
EBC79D63-F3D7-4A57-8D89-56023E6171BA,EBC79D63-F3D7-4A57-8D89-56023E6171BA.JPEG,ok,0.3031759988516569,211.06361199053936,211.366787989391
ECB4B38C-1412-4444-B387-75042D247D2F,ECB4B38C-1412-4444-B387-75042D247D2F.JPEG,ok,0.3323889977764338,195.14141001855023,195.47379901632667
EF457311-B3F1-47BE-A9F6-BE2941D6306D,EF457311-B3F1-47BE-A9F6-BE2941D6306D.JPEG,ok,0.518671004101634,192.95057500130497,193.4692460054066
FB43072E-4317-4847-A694-126C743FFF69,FB43072E-4317-4847-A694-126C743FFF69.JPEG,ok,0.4108040011487901,203.05457900394686,203.46538300509565
FullSizeRender,FullSizeRender.jpg,ok,0.3565370279829949,208.49815898691304,208.85469601489604
IMG_3494,IMG_3494.jpg,ok,0.2959640114568174,298.11946299741976,298.4154270088766
IMG_3495,IMG_3495.jpg,ok,0.2932729839812964,286.90954999183305,287.20282297581434
IMG_3496,IMG_3496.jpg,ok,0.26476799394004047,306.2067870050669,306.4715549990069
IMG_3501,IMG_3501.jpg,ok,0.39029199979268014,217.63007499976084,218.02036699955352
IMG_3502,IMG_3502.jpg,ok,0.29940801323391497,282.9964499978814,283.29585801111534
IMG_3512,IMG_3512.jpg,ok,0.25452999398112297,197.43195601040497,197.6864860043861
IMG_3513,IMG_3513.jpg,ok,0.2798199711833149,201.59075601259246,201.87057598377578
IMG_3514,IMG_3514.jpg,ok,0.3801329876296222,311.669343005633,312.0494759932626
IMG_3515,IMG_3515.jpg,ok,0.3343419812154025,295.64600600861013,295.98034798982553
IMG_3517,IMG_3517.jpg,ok,0.26831802097149193,292.5734349992126,292.8417530201841
IMG_3524,IMG_3524.jpg,ok,0.3136140003334731,196.27384000341408,196.58745400374755
IMG_3533,IMG_3533.jpg,ok,0.37322298157960176,202.82234001206234,203.19556299364194
IMG_3534,IMG_3534.jpg,ok,0.27518600109033287,301.9687969936058,302.2439829946961
IMG_3535,IMG_3535.jpg,ok,0.31856901478022337,299.8864910041448,300.205060018925
IMG_3536,IMG_3536.jpg,ok,0.31185802072286606,198.2938449946232,198.60570301534608
IMG_3537,IMG_3537.jpg,ok,0.3296170034445822,196.39079700573348,196.72041400917806
IMG_3538,IMG_3538.jpg,ok,0.35143300192430615,300.89059899910353,301.24203200102784
IMG_3539,IMG_3539.jpg,ok,0.24688796838745475,199.93659501778893,200.1834829861764
IMG_3541,IMG_3541.jpg,ok,0.3209669957868755,307.1649940102361,307.485961006023
IMG_3542,IMG_3542.jpg,ok,0.284278008621186,284.69532998860814,284.9796079972293
IMG_3548,IMG_3548.jpg,ok,0.314580014673993,207.03212698572315,207.34670700039715
IMG_3549,IMG_3549.jpg,ok,0.3787140012718737,286.8771450011991,287.25585900247097
IMG_3577,IMG_3577.jpg,ok,0.27551999664865434,300.0254149956163,300.30093499226496
IMG_3585,IMG_3585.jpg,ok,0.30954298563301563,209.78696600650437,210.0965089921374
IMG_3586,IMG_3586.jpg,ok,0.3402360016480088,197.48647397500463,197.82670997665264
IMG_3587,IMG_3587.jpg,ok,0.29974899371154606,190.82094100303948,191.12068999675103
IMG_3589,IMG_3589.JPG,ok,0.2936560194939375,210.2767699980177,210.57042601751164
IMG_3593,IMG_3593.JPG,ok,0.36527798511087894,201.0818620037753,201.4471399888862
IMG_3599,IMG_3599.jpg,ok,0.2711310226004571,296.64936498738825,296.9204960099887
IMG_3604,IMG_3604.JPG,ok,0.3264370025135577,202.01258797897026,202.33902498148382
IMG_3605,IMG_3605.JPG,ok,0.31682595727033913,195.80062801833265,196.11745397560298
IMG_3606,IMG_3606.JPG,ok,0.3449000068940222,202.59226899361238,202.9371690005064
IMG_3607,IMG_3607.JPG,ok,0.3597619943320751,197.81716301804408,198.17692501237616
IMG_3608,IMG_3608.JPG,ok,0.35730600939132273,205.74659100384451,206.10389701323584
IMG_3609,IMG_3609.JPG,ok,0.33453403739258647,197.60106998728588,197.93560402467847
IMG_3610,IMG_3610.JPG,ok,0.33872798667289317,193.65672700223513,193.99545498890802
IMG_3611,IMG_3611.JPG,ok,0.31165601103566587,211.24824800062925,211.5599040116649
IMG_3612,IMG_3612.JPG,ok,0.31059299362823367,197.48106799670495,197.79166099033318
IMG_3613,IMG_3613.JPG,ok,0.3475770354270935,304.9201149842702,305.2676920196973
IMG_3614,IMG_3614.JPG,ok,0.33589600934647024,205.29350999277085,205.62940600211732
IMG_3615,IMG_3615.JPG,ok,0.33016601810231805,176.46904598223045,176.79921200033277
IMG_3616,IMG_3616.JPG,ok,0.2503769937902689,214.4860939879436,214.73647098173387
IMG_3617,IMG_3617.JPG,ok,0.30439699185080826,197.42442900314927,197.72882599500008
IMG_3618,IMG_3618.JPG,ok,0.3144750080537051,194.61168299312703,194.92615800118074
IMG_3619,IMG_3619.JPG,ok,0.2813540049828589,202.50850601587445,202.7898600208573
IMG_3707,IMG_3707.JPG,ok,0.3540529578458518,202.61113002197817,202.96518297982402
IMG_3708,IMG_3708.JPG,ok,0.33346100826747715,198.26135798939504,198.59481899766251
IMG_3713,IMG_3713.JPG,ok,0.2989579807035625,197.71102000959218,198.00997799029574
IMG_3714,IMG_3714.JPG,ok,0.28243602719157934,199.45451998501085,199.73695601220243
IMG_3725,IMG_3725.JPG,ok,0.2870139724109322,195.00189000973478,195.2889039821457
IMG_3726,IMG_3726.JPG,ok,0.2856920182239264,193.8776320021134,194.1633240203373
IMG_3727,IMG_3727.JPG,ok,0.2967489999718964,202.63954100664705,202.93629000661895
IMG_3728,IMG_3728.JPG,ok,0.2976760151796043,196.2592659983784,196.556942013558
IMG_3729,IMG_3729.JPG,ok,0.2945680171251297,194.26466399454512,194.55923201167025
IMG_3730,IMG_3730.JPG,ok,0.6793100037612021,213.46370899118483,214.14301899494603
IMG_3731,IMG_3731.JPG,ok,0.2994550159201026,194.0287379838992,194.3281929998193
IMG_3740,IMG_3740.JPG,ok,0.2794410102069378,200.46484499471262,200.74428600491956
IMG_3789,IMG_3789.JPG,ok,0.2760030038189143,212.52925400040112,212.80525700422004
