model_name,architecture,environment_label,n_images,mean_latency_ms,median_latency_ms,min_latency_ms,max_latency_ms,std_latency_ms,p95_latency_ms,throughput_fps,images_per_minute,peak_rss_mb,peak_rss_mb_rusage,avg_cpu_percent_normalized,avg_cpu_percent_raw,checkpoint_size_mb,model_load_time_ms,total_runtime_s,cpu_affinity_count,torch_threads,repeat_index,timestamp,git_commit_sha
U-Net + MobileNetV2,unet_mobilenet,desktop,100,72.284,54.221,41.702,219.929,38.629,156.43,13.83,830.1,511.2,-1.0,65.87,1053.9,76.226,188.877,30.231,16,12,1,2026-07-11T09:58:52.814962+00:00,14daaed
U-Net + MobileNetV2,unet_mobilenet,desktop_threads2,100,99.044,77.934,66.401,459.171,70.729,193.704,10.1,605.8,509.94,-1.0,13.41,214.56,76.226,158.867,24.187,16,2,1,2026-07-11T09:59:18.205869+00:00,14daaed
U-Net + MobileNetV2,unet_mobilenet,vm_a_2c2g,100,77.217,71.772,61.624,191.626,18.458,110.359,12.95,777.0,556.2,766.93,63.55,127.1,76.226,2639.288,38.645,2,2,1,2026-07-11T09:59:18.551185+00:00,14daaed
U-Net + MobileNetV2,unet_mobilenet,desktop_threads4,100,98.088,85.383,42.605,227.464,41.016,188.214,10.19,611.7,510.23,-1.0,25.0,400.03,76.226,408.655,28.828,16,4,1,2026-07-11T09:59:48.478419+00:00,14daaed
U-Net + MobileNetV2,unet_mobilenet,vm_b_4c4g,100,88.036,78.1,38.425,198.971,40.222,170.526,11.36,681.5,557.72,768.47,58.8,235.22,76.226,1556.671,35.299,4,4,1,2026-07-11T09:59:55.587638+00:00,14daaed
U-Net + MobileNetV2,unet_mobilenet,desktop,100,77.338,53.588,41.921,194.221,35.669,138.299,12.93,775.8,510.41,-1.0,68.98,1103.71,76.226,177.378,23.849,16,12,2,2026-07-11T10:00:13.496111+00:00,14daaed
U-Net + MobileNetV2,unet_mobilenet,vm_a_2c2g,100,99.3,76.332,59.927,383.878,53.876,212.307,10.07,604.2,580.37,768.71,64.17,128.34,76.226,1846.427,39.682,2,2,2,2026-07-11T10:00:36.802834+00:00,14daaed
U-Net + MobileNetV2,unet_mobilenet,desktop_threads2,100,90.309,79.01,65.149,248.211,35.613,162.611,11.07,664.4,510.55,-1.0,13.04,208.66,76.226,160.637,23.17,16,2,2,2026-07-11T10:00:37.825200+00:00,14daaed
U-Net + MobileNetV2,unet_mobilenet,desktop_threads4,100,84.168,71.366,45.003,226.96,40.23,191.909,11.88,712.9,514.57,-1.0,25.17,402.67,76.226,175.586,23.783,16,4,2,2026-07-11T10:01:03.263144+00:00,14daaed
U-Net + MobileNetV2,unet_mobilenet,vm_b_4c4g,100,83.377,74.777,36.557,208.794,41.12,192.123,11.99,719.6,579.89,768.25,57.12,228.49,76.226,1711.668,34.448,4,4,2,2026-07-11T10:01:12.625446+00:00,14daaed
U-Net + MobileNetV2,unet_mobilenet,desktop,100,66.062,49.365,42.717,224.787,34.329,129.645,15.14,908.2,516.19,-1.0,69.36,1109.77,76.226,196.243,21.677,16,12,3,2026-07-11T10:01:26.092060+00:00,14daaed
U-Net + MobileNetV2,unet_mobilenet,desktop_threads2,100,77.333,76.771,67.593,109.073,6.449,86.589,12.93,775.9,515.05,-1.0,13.58,217.22,76.226,173.295,21.347,16,2,3,2026-07-11T10:01:48.887288+00:00,14daaed
U-Net + MobileNetV2,unet_mobilenet,vm_a_2c2g,100,79.521,68.318,60.902,127.583,20.202,120.25,12.58,754.5,579.84,768.52,58.31,116.63,76.226,1146.027,37.679,2,2,3,2026-07-11T10:01:52.283287+00:00,14daaed
U-Net + MobileNetV2,unet_mobilenet,desktop_threads4,100,74.993,66.004,43.102,213.513,34.303,146.234,13.33,800.1,515.54,-1.0,25.18,402.87,76.226,163.934,21.188,16,4,3,2026-07-11T10:02:11.233222+00:00,14daaed
U-Net + MobileNetV2,unet_mobilenet,vm_b_4c4g,100,126.254,89.031,42.637,717.834,103.291,341.648,7.92,475.2,558.05,768.59,59.41,237.63,76.226,1572.767,46.924,4,4,3,2026-07-11T10:02:40.426859+00:00,14daaed
U-Net + ResNet34,unet_resnet,desktop,100,140.918,107.057,70.778,553.075,77.566,259.05,7.1,425.8,786.65,-1.0,64.18,1026.93,279.89,452.626,32.475,16,12,1,2026-07-11T10:02:44.873699+00:00,14daaed
U-Net + ResNet34,unet_resnet,desktop_threads2,100,148.194,131.732,120.961,280.464,42.94,253.074,6.75,404.9,783.56,-1.0,13.01,208.11,279.89,398.475,28.628,16,2,1,2026-07-11T10:03:15.038315+00:00,14daaed
U-Net + ResNet34,unet_resnet,vm_a_2c2g,100,174.663,150.551,116.774,394.875,62.046,318.476,5.73,343.5,843.35,1031.98,70.61,141.23,279.89,3586.07,57.109,2,2,1,2026-07-11T10:03:39.585662+00:00,14daaed
U-Net + ResNet34,unet_resnet,desktop_threads4,100,140.056,122.366,73.633,333.979,60.758,283.252,7.14,428.4,783.36,-1.0,24.48,391.71,279.89,419.604,29.376,16,4,1,2026-07-11T10:03:45.606241+00:00,14daaed
U-Net + ResNet34,unet_resnet,desktop,100,129.041,96.213,69.182,301.334,60.224,236.275,7.75,465.0,784.66,-1.0,66.91,1070.48,279.89,409.519,29.288,16,12,2,2026-07-11T10:04:15.970104+00:00,14daaed
U-Net + ResNet34,unet_resnet,vm_b_4c4g,100,192.147,144.07,67.578,579.821,109.49,431.788,5.2,312.3,856.34,1032.3,66.95,267.8,279.89,3924.046,58.243,4,4,1,2026-07-11T10:04:39.854089+00:00,14daaed
U-Net + ResNet34,unet_resnet,desktop_threads2,100,175.699,155.712,122.992,361.912,51.186,259.159,5.69,341.5,782.54,-1.0,12.83,205.35,279.89,439.855,33.109,16,2,2,2026-07-11T10:04:50.209913+00:00,14daaed
U-Net + ResNet34,unet_resnet,desktop_threads4,100,141.157,128.873,69.986,365.914,60.786,301.503,7.08,425.1,785.72,-1.0,24.73,395.64,279.89,394.036,28.515,16,4,2,2026-07-11T10:05:19.933637+00:00,14daaed
U-Net + ResNet34,unet_resnet,vm_a_2c2g,100,244.255,206.367,117.615,894.795,120.506,472.812,4.09,245.6,843.8,1032.16,74.12,148.23,279.89,4426.958,65.617,2,2,2,2026-07-11T10:05:47.055859+00:00,14daaed
U-Net + ResNet34,unet_resnet,desktop,100,112.321,77.358,70.39,430.469,61.665,201.096,8.9,534.2,785.36,-1.0,70.09,1121.39,279.89,399.127,27.178,16,12,3,2026-07-11T10:05:48.842828+00:00,14daaed
U-Net + ResNet34,unet_resnet,desktop_threads2,100,159.823,132.182,120.757,376.008,55.691,285.656,6.26,375.4,781.44,-1.0,12.64,202.26,279.89,419.164,30.799,16,2,3,2026-07-11T10:06:21.236773+00:00,14daaed
U-Net + ResNet34,unet_resnet,vm_b_4c4g,100,163.134,128.358,65.797,384.557,83.741,339.046,6.13,367.8,844.03,1032.1,66.05,264.19,279.89,4103.607,56.526,4,4,2,2026-07-11T10:06:45.099234+00:00,14daaed
U-Net + ResNet34,unet_resnet,desktop_threads4,100,139.037,121.409,73.987,364.811,69.25,308.891,7.19,431.5,784.21,-1.0,25.07,401.14,279.89,433.2,29.329,16,4,3,2026-07-11T10:06:51.703081+00:00,14daaed
U-Net + ResNet34,unet_resnet,vm_a_2c2g,100,120.217,118.541,111.623,165.82,8.493,134.097,8.32,499.1,846.19,1032.12,58.65,117.3,279.89,4478.185,52.197,2,2,3,2026-07-11T10:07:38.548680+00:00,14daaed
U-Net + ResNet34,unet_resnet,vm_b_4c4g,100,70.941,67.156,62.698,151.91,12.301,99.3,14.1,845.8,844.09,1032.46,50.58,202.3,279.89,5345.885,45.297,4,4,3,2026-07-11T10:08:25.090480+00:00,14daaed
